110102,Sun and Moon Conjunction,"The conjunction of the Sun and Moon signifies a blend of ego and emotions. Individuals may have a strong sense of purpose but might struggle to balance personal identity with feelings."
110103,Sun and Mars Conjunction,"This conjunction enhances energy, courage, and assertiveness. Individuals are ambitious and action-oriented but may also exhibit impatience or aggression."
110104,Sun and Mercury Conjunction,"Known as Budha Aditya Yoga, this conjunction enhances intelligence and communication skills. Individuals are eloquent, mentally sharp, and may excel in learning."
110105,Sun and Jupiter Conjunction,"Called Gaja Kesari Yoga, it brings wisdom, optimism, and leadership qualities. Individuals are generous, ethical, and inclined towards spirituality."
110106,Sun and Venus Conjunction,"This conjunction blends vitality with aesthetics. Individuals may have charm, creativity, and a love for arts but might face conflicts between desires and duties."
110107,Sun and Saturn Conjunction,"Indicates a challenging combination where authority meets discipline. Individuals may face struggles with authority figures or experience delays in success."
110108,Sun and Rahu Conjunction,"Known as Surya Grahan Yoga, it may cause confusion in identity and ambition. Individuals might have unconventional approaches but face inner conflicts."
110109,Sun and Ketu Conjunction,"This conjunction leads to spiritual inclinations and detachment from ego. Individuals may experience challenges in self-expression but possess deep insight."
110203,Moon and Mars Conjunction,"Also called Chandra Mangala Yoga, it enhances passion and emotional strength. Individuals are determined but may struggle with impatience or mood swings."
110204,Moon and Mercury Conjunction,"Known as Budha Aditya Yoga, it improves intellect and emotional intelligence. Individuals are intuitive communicators but might overthink emotional matters."
110205,Moon and Jupiter Conjunction,"Forms Gaja Kesari Yoga, signifying wisdom and emotional growth. Individuals are compassionate, nurturing, and inclined towards teaching or counseling."
110206,Moon and Venus Conjunction,"This conjunction enhances creativity, compassion, and love for comforts. Individuals are romantic and artistic but may face emotional dependency."
110207,Moon and Saturn Conjunction,"Indicates emotional restraint and potential challenges in expressing feelings. Individuals may experience melancholy but develop inner resilience."
110208,Moon and Rahu Conjunction,"Can cause emotional confusion and unconventional desires. Individuals might be imaginative but could struggle with anxiety or restlessness."
110209,Moon and Ketu Conjunction,"Enhances intuition and spiritual tendencies. Individuals may feel detached from emotions but possess deep subconscious insights."
110304,Mars and Mercury Conjunction,"Boosts mental energy and assertive communication. Individuals are strategic thinkers but may be argumentative or impulsive in speech."
110305,Mars and Jupiter Conjunction,"Enhances ambition with wisdom. Individuals are courageous, ethical, and often take on leadership roles but should avoid overconfidence."
110306,Mars and Venus Conjunction,"Increases passion and artistic drive. Individuals are charismatic and energetic but may struggle with impulsiveness in relationships."
110307,Mars and Saturn Conjunction,"Creates a push-pull of action and restriction. Individuals are hardworking and disciplined but may face delays or frustrations."
110308,Mars and Rahu Conjunction,"Amplifies ambition and desire for success. Individuals are driven but need to be cautious of reckless actions or ethical compromises."
110309,Mars and Ketu Conjunction,"Enhances spiritual courage and detachment from material pursuits. Individuals may be introspective warriors but could experience internal conflicts."
110405,Mercury and Jupiter Conjunction,"Improves wisdom and communication skills. Individuals are knowledgeable, good teachers, and articulate but should guard against over-intellectualization."
110406,Mercury and Venus Conjunction,"Enhances creativity, communication, and social charm. Individuals are persuasive, artistic, and enjoy social interactions."
110407,Mercury and Saturn Conjunction,"Brings seriousness to thought and speech. Individuals are disciplined thinkers but may struggle with pessimism or communication blocks."
110408,Mercury and Rahu Conjunction,"Enhances unconventional thinking and communication. Individuals are innovative but may face confusion or miscommunication."
110409,Mercury and Ketu Conjunction,"Promotes intuitive intellect and interest in metaphysics. Individuals may be insightful but could experience scattered thoughts."
110506,Jupiter and Venus Conjunction,"Balances wisdom with beauty and pleasure. Individuals are generous, artistic, and enjoy life's comforts but may struggle with excess."
110507,Jupiter and Saturn Conjunction,"Combines expansion with discipline. Individuals are practical visionaries but may face delays in achieving success."
110508,Jupiter and Rahu Conjunction,"Enhances ambition for knowledge and growth. Individuals are expansive thinkers but should be cautious of overindulgence or moral ambiguity."
110509,Jupiter and Ketu Conjunction,"Promotes spiritual wisdom and detachment from materialism. Individuals are philosophical but may withdraw from worldly pursuits."
110607,Venus and Saturn Conjunction,"Brings seriousness to relationships and artistic endeavors. Individuals are loyal and disciplined but may face challenges in expressing affection."
110608,Venus and Rahu Conjunction,"Enhances desires and attraction to luxury. Individuals are charismatic but need to be mindful of overindulgence or relationship complications."
110609,Venus and Ketu Conjunction,"Encourages detachment in love and aesthetics. Individuals may seek spiritual connections but could experience isolation in relationships."
110708,Saturn and Rahu Conjunction,"Known as Shrapit Dosha, it can bring challenges and life lessons. Individuals may face obstacles but develop resilience."
110709,Saturn and Ketu Conjunction,"Promotes spiritual discipline and detachment from materialism. Individuals are introspective but might struggle with isolation."